REPLACE INTO `trinity_string` (`entry`, `content_default`, `content_loc6`, `content_loc7`) VALUES
(12021, "%s steals %u Gold, %u Silver and %u Copper from you.", "%s te ha robado %u Oros, %u Platas y %u Cobres.", "%s te ha robado %u Oros, %u Platas y %u Cobres."),
(12022, "You steal %u Gold, %u Silver and %u Copper from %s.", "Robas %u Oros, %u Platas y %u Cobres a %s.", "Robas %u Oros, %u Platas y %u Cobres a %s.");
UPDATE gameobject_template SET `name`='Mangled Remains', `flags` = 0, `displayId` = 2951, `castBarCaption` = 'Searching...', `size` = 0.7, `questItem1` = 0, `data1` = 200000, `data2` = 0, `ScriptName` = 'go_player_remains' WHERE `entry` = 177806;
UPDATE locales_gameobject SET name_loc6 = 'Restos destrozados', name_loc7 = 'Restos destrozados', castbarcaption_loc6 = 'Buscando...', castbarcaption_loc7 = 'Buscando...' WHERE entry = 177806;
DELETE FROM gameobject WHERE id = 177806;
UPDATE item_template SET RequiredLevel = 0 WHERE Quality = 1 AND (RequiredLevel BETWEEN 1 AND 5) AND class IN (2, 4);
UPDATE item_template SET RequiredLevel = RequiredLevel - 5 WHERE Quality = 1 AND RequiredLevel > 5 AND class IN (2, 4);
--                                                                                         SOUTH                   NORTH                     WEST                    EAST                      MAP      Highest/Lowest level
-- SELECT * FROM creature_template WHERE entry IN (SELECT DISTINCT id FROM creature WHERE (position_x > 3556.0 AND position_x < 7030.0) AND (position_y < -237.0 AND position_y > -2191.0) AND map = 1) AND maxlevel > 40;

-- Felwood
UPDATE creature_template SET maxlevel = maxlevel - 12, minlevel = minlevel - 12 WHERE entry IN (SELECT DISTINCT id FROM creature WHERE (position_x > 3556.0 AND position_x < 7030.0) AND (position_y < -237.0 AND position_y > -2191.0) AND map = 1) AND maxlevel > 40;
UPDATE creature_template SET maxlevel = 40, minlevel = 40 WHERE entry IN (SELECT DISTINCT id FROM creature WHERE (position_x > 3556.0 AND position_x < 7030.0) AND (position_y < -237.0 AND position_y > -2191.0) AND map = 1) AND maxlevel > 40;
-- Winterspring
UPDATE creature_template SET maxlevel = maxlevel - 20, minlevel = minlevel - 20 WHERE entry IN (SELECT DISTINCT id FROM creature WHERE (position_x > 4069.0 AND position_x < 8703.0) AND (position_y < -2211.0 AND position_y > -5354.0) AND map = 1) AND minlevel > 40 AND maxlevel > 50 AND (maxlevel < 61 OR name LIKE '%Everlook%');
UPDATE creature_template SET maxlevel = 40, minlevel = 40 WHERE entry IN (SELECT DISTINCT id FROM creature WHERE (position_x > 4069.0 AND position_x < 8703.0) AND (position_y < -2211.0 AND position_y > -5354.0) AND map = 1) AND maxlevel > 40 AND (maxlevel < 61 OR name LIKE '%Everlook%');
-- Azshara
UPDATE creature_template SET maxlevel = maxlevel - 17, minlevel = minlevel - 17 WHERE entry IN (SELECT DISTINCT id FROM creature WHERE ((position_x > 2100.0 AND position_x < 3801.0) AND (position_y < -3823.0 AND position_y > -7581.0) OR (position_x > 4766.0 AND position_x < 3801.0) AND (position_y < -5181.0 AND position_y > -7581.0)) AND map = 1) AND maxlevel > 44 AND maxlevel < 70;
UPDATE creature_template SET maxlevel = 40, minlevel = 40 WHERE entry IN (SELECT DISTINCT id FROM creature WHERE ((position_x > 2100.0 AND position_x < 3801.0) AND (position_y < -3823.0 AND position_y > -7581.0) OR (position_x > 4766.0 AND position_x < 3801.0) AND (position_y < -5181.0 AND position_y > -7581.0)) AND map = 1) AND maxlevel > 40 AND maxlevel < 70;
-- Stonetalon Mountains
UPDATE creature_template SET maxlevel = maxlevel + 10, minlevel = minlevel + 10 WHERE entry IN (SELECT DISTINCT id FROM creature WHERE ((position_x > -357.0 AND position_x < 2106.0) AND (position_y < -3823.0 AND position_y > -862.0) OR (position_x > 1550.0 AND position_x < 2898.0) AND (position_y < 1910.0 AND position_y > 944.0)) AND map = 1) AND maxlevel < 30 AND maxlevel > 10;
-- Dustwallow Marsh
UPDATE creature_template SET maxlevel = 40, minlevel = 40 WHERE entry IN (SELECT DISTINCT id FROM creature WHERE (position_x > -4948.0 AND position_x < -2231.0) AND (position_y < -2418.0 AND position_y > -5429.0) AND map = 1) AND maxlevel > 40;
-- Desolace
UPDATE creature_template SET maxlevel = 40, minlevel = 40 WHERE entry IN (SELECT DISTINCT id FROM creature WHERE (position_x > -2502.0 AND position_x < 268.0) AND (position_y < 3606.0 AND position_y > 544.0) AND map = 1) AND maxlevel > 35;
UPDATE creature_template SET maxlevel = maxlevel + 5, minlevel = minlevel + 5 WHERE entry IN (SELECT DISTINCT id FROM creature WHERE (position_x > -2502.0 AND position_x < 268.0) AND (position_y < 3606.0 AND position_y > 544.0) AND map = 1) AND maxlevel >= 30 AND maxlevel <= 35;
-- Remove item binding
UPDATE item_template SET bonding = 0 WHERE bonding IN (1, 2);

UPDATE creature_template SET npcflag = 1, ScriptName = 'npc_gold_banker' WHERE entry = 2456;
UPDATE creature_template SET npcflag = 3, ScriptName = 'npc_gold_banker' WHERE entry = 3309;
-- Custom Quests
-- NPC Thuul
UPDATE `creature_template` SET `ScriptName` = 'npc_tour_guide' WHERE entry IN (5958);
-- NPC Thuul Image
-- REPLACE INTO `creature_template` (`entry`, `difficulty_entry_1`, `difficulty_entry_2`, `difficulty_entry_3`, `KillCredit1`, `KillCredit2`, `modelid1`, `modelid2`, `modelid3`, `modelid4`, `name`, `subname`, `IconName`, `gossip_menu_id`, `minlevel`, `maxlevel`, `exp`, `faction`, `npcflag`, `speed_walk`, `speed_run`, `scale`, `rank`, `dmgschool`, `baseattacktime`, `rangeattacktime`, `unit_class`, `unit_flags`, `unit_flags2`, `dynamicflags`, `family`, `trainer_type`, `trainer_spell`, `trainer_class`, `trainer_race`, `minrangedmg`, `maxrangedmg`, `rangedattackpower`, `type`, `type_flags`, `lootid`, `pickpocketloot`, `skinloot`, `resistance1`, `resistance2`, `resistance3`, `resistance4`, `resistance5`, `resistance6`, `spell1`, `spell2`, `spell3`, `spell4`, `spell5`, `spell6`, `spell7`, `spell8`, `PetSpellDataId`, `VehicleId`, `mingold`, `maxgold`, `AIName`, `MovementType`, `InhabitType`, `HoverHeight`, `Health_mod`, `Mana_mod`, `Armor_mod`, `RacialLeader`, `questItem1`, `questItem2`, `questItem3`, `questItem4`, `questItem5`, `questItem6`, `movementId`, `RegenHealth`, `mechanic_immune_mask`, `flags_extra`, `ScriptName`, `VerifiedBuild`) VALUES (50001, 0, 0, 0, 0, 0, 29234, 0, 0, 0, 'Imagen de Thuul', '', '', 0, 40, 40, 0, 29, 0, 1, 0.9, 1, 0, 0, 0, 0, 0, 1, 0, 0, 1, 0, 2048, 8, 0, 0, 0, 0, 0, 0, 1, 1, 150000, 0, 0, 0, 0, 0, 0, 0, 0, 0, 0, 0, 0, 0, 0, 0, 0, 0, 0, 0, 0, '', 0, 3, 1, 1, 1, 1, 0, 0, 0, 0, 0, 0, 0, 0, 1, 0, 0, 'npc_thuul_image', 12340);
-- Welcome! mission
REPLACE INTO `quest_template` (`Id`, `Method`, `Level`, `MinLevel`, `MaxLevel`, `ZoneOrSort`, `Type`, `SuggestedPlayers`, `LimitTime`, `RequiredClasses`, `RequiredRaces`, `RequiredSkillId`, `RequiredSkillPoints`, `RequiredFactionId1`, `RequiredFactionId2`, `RequiredFactionValue1`, `RequiredFactionValue2`, `RequiredMinRepFaction`, `RequiredMaxRepFaction`, `RequiredMinRepValue`, `RequiredMaxRepValue`, `PrevQuestId`, `NextQuestId`, `ExclusiveGroup`, `NextQuestIdChain`, `RewardXPId`, `RewardOrRequiredMoney`, `RewardMoneyMaxLevel`, `RewardSpell`, `RewardSpellCast`, `RewardHonor`, `RewardHonorMultiplier`, `RewardMailTemplateId`, `RewardMailDelay`, `SourceItemId`, `SourceItemCount`, `SourceSpellId`, `Flags`, `SpecialFlags`, `RewardTitleId`, `RequiredPlayerKills`, `RewardTalents`, `RewardArenaPoints`, `RewardItemId1`, `RewardItemId2`, `RewardItemId3`, `RewardItemId4`, `RewardItemCount1`, `RewardItemCount2`, `RewardItemCount3`, `RewardItemCount4`, `RewardChoiceItemId1`, `RewardChoiceItemId2`, `RewardChoiceItemId3`, `RewardChoiceItemId4`, `RewardChoiceItemId5`, `RewardChoiceItemId6`, `RewardChoiceItemCount1`, `RewardChoiceItemCount2`, `RewardChoiceItemCount3`, `RewardChoiceItemCount4`, `RewardChoiceItemCount5`, `RewardChoiceItemCount6`, `RewardFactionId1`, `RewardFactionId2`, `RewardFactionId3`, `RewardFactionId4`, `RewardFactionId5`, `RewardFactionValueId1`, `RewardFactionValueId2`, `RewardFactionValueId3`, `RewardFactionValueId4`, `RewardFactionValueId5`, `RewardFactionValueIdOverride1`, `RewardFactionValueIdOverride2`, `RewardFactionValueIdOverride3`, `RewardFactionValueIdOverride4`, `RewardFactionValueIdOverride5`, `PointMapId`, `PointX`, `PointY`, `PointOption`, `Title`, `Objectives`, `Details`, `EndText`, `OfferRewardText`, `RequestItemsText`, `CompletedText`, `RequiredNpcOrGo1`, `RequiredNpcOrGo2`, `RequiredNpcOrGo3`, `RequiredNpcOrGo4`, `RequiredNpcOrGoCount1`, `RequiredNpcOrGoCount2`, `RequiredNpcOrGoCount3`, `RequiredNpcOrGoCount4`, `RequiredSourceItemId1`, `RequiredSourceItemId2`, `RequiredSourceItemId3`, `RequiredSourceItemId4`, `RequiredSourceItemCount1`, `RequiredSourceItemCount2`, `RequiredSourceItemCount3`, `RequiredSourceItemCount4`, `RequiredItemId1`, `RequiredItemId2`, `RequiredItemId3`, `RequiredItemId4`, `RequiredItemId5`, `RequiredItemId6`, `RequiredItemCount1`, `RequiredItemCount2`, `RequiredItemCount3`, `RequiredItemCount4`, `RequiredItemCount5`, `RequiredItemCount6`, `Unknown0`, `ObjectiveText1`, `ObjectiveText2`, `ObjectiveText3`, `ObjectiveText4`, `DetailsEmote1`, `DetailsEmote2`, `DetailsEmote3`, `DetailsEmote4`, `DetailsEmoteDelay1`, `DetailsEmoteDelay2`, `DetailsEmoteDelay3`, `DetailsEmoteDelay4`, `EmoteOnIncomplete`, `EmoteOnComplete`, `OfferRewardEmote1`, `OfferRewardEmote2`, `OfferRewardEmote3`, `OfferRewardEmote4`, `OfferRewardEmoteDelay1`, `OfferRewardEmoteDelay2`, `OfferRewardEmoteDelay3`, `OfferRewardEmoteDelay4`, `VerifiedBuild`) VALUES
(50001, 2, 1, 0, 0, 1, 0, 0, 0, 0, 0, 0, 0, 0, 0, 0, 0, 0, 0, 0, 0, 50000, 0, 0, 0, 0, 50, 100, 0, 0, 0, 1, 0, 0, 0, 0, 0, 0, 0, 0, 0, 0, 0, 0, 0, 0, 0, 0, 0, 0, 0, 0, 0, 0, 0, 0, 0, 0, 0, 0, 0, 0, 0, 0, 0, 0, 0, 0, 0, 0, 0, 0, 0, 0, 0, 0, 0, 0, 0, 0, 0, 0, 'The Guide of the New Citizen', 'Follow the Image of Thuul throught Orgrimmar listening to his advices and then speak with Kaltunk in the Valley of Trials.', 'Well, it seems that we have a new $C between our people. Welcome to Orgrimmar then. I will explain to you some of the most important aspects of this world. Follow the my image throught the city and listen to her advices. They\'ll be handy, believe me.', '', 'Are you sended by Thuul? I see... Welcome to the Valley of Trials, $C!', NULL, 'Follow the Image of Thuul throught Orgrimmar and then speak with Kaltunk in the Valley of Trials.', 0, 0, 0, 0, 0, 0, 0, 0, 0, 0, 0, 0, 0, 0, 0, 0, 0, 0, 0, 0, 0, 0, 0, 0, 0, 0, 0, 0, 0, 'Follow the Image of Thuul throught Orgrimmar and then speak with Kaltunk', NULL, NULL, NULL, 0, 0, 0, 0, 0, 0, 0, 0, 0, 0, 0, 0, 0, 0, 0, 0, 0, 0, 12340);
-- The guide of the newcommer mission
REPLACE INTO `quest_template` (`Id`, `Method`, `Level`, `MinLevel`, `MaxLevel`, `ZoneOrSort`, `Type`, `SuggestedPlayers`, `LimitTime`, `RequiredClasses`, `RequiredRaces`, `RequiredSkillId`, `RequiredSkillPoints`, `RequiredFactionId1`, `RequiredFactionId2`, `RequiredFactionValue1`, `RequiredFactionValue2`, `RequiredMinRepFaction`, `RequiredMaxRepFaction`, `RequiredMinRepValue`, `RequiredMaxRepValue`, `PrevQuestId`, `NextQuestId`, `ExclusiveGroup`, `NextQuestIdChain`, `RewardXPId`, `RewardOrRequiredMoney`, `RewardMoneyMaxLevel`, `RewardSpell`, `RewardSpellCast`, `RewardHonor`, `RewardHonorMultiplier`, `RewardMailTemplateId`, `RewardMailDelay`, `SourceItemId`, `SourceItemCount`, `SourceSpellId`, `Flags`, `SpecialFlags`, `RewardTitleId`, `RequiredPlayerKills`, `RewardTalents`, `RewardArenaPoints`, `RewardItemId1`, `RewardItemId2`, `RewardItemId3`, `RewardItemId4`, `RewardItemCount1`, `RewardItemCount2`, `RewardItemCount3`, `RewardItemCount4`, `RewardChoiceItemId1`, `RewardChoiceItemId2`, `RewardChoiceItemId3`, `RewardChoiceItemId4`, `RewardChoiceItemId5`, `RewardChoiceItemId6`, `RewardChoiceItemCount1`, `RewardChoiceItemCount2`, `RewardChoiceItemCount3`, `RewardChoiceItemCount4`, `RewardChoiceItemCount5`, `RewardChoiceItemCount6`, `RewardFactionId1`, `RewardFactionId2`, `RewardFactionId3`, `RewardFactionId4`, `RewardFactionId5`, `RewardFactionValueId1`, `RewardFactionValueId2`, `RewardFactionValueId3`, `RewardFactionValueId4`, `RewardFactionValueId5`, `RewardFactionValueIdOverride1`, `RewardFactionValueIdOverride2`, `RewardFactionValueIdOverride3`, `RewardFactionValueIdOverride4`, `RewardFactionValueIdOverride5`, `PointMapId`, `PointX`, `PointY`, `PointOption`, `Title`, `Objectives`, `Details`, `EndText`, `OfferRewardText`, `RequestItemsText`, `CompletedText`, `RequiredNpcOrGo1`, `RequiredNpcOrGo2`, `RequiredNpcOrGo3`, `RequiredNpcOrGo4`, `RequiredNpcOrGoCount1`, `RequiredNpcOrGoCount2`, `RequiredNpcOrGoCount3`, `RequiredNpcOrGoCount4`, `RequiredSourceItemId1`, `RequiredSourceItemId2`, `RequiredSourceItemId3`, `RequiredSourceItemId4`, `RequiredSourceItemCount1`, `RequiredSourceItemCount2`, `RequiredSourceItemCount3`, `RequiredSourceItemCount4`, `RequiredItemId1`, `RequiredItemId2`, `RequiredItemId3`, `RequiredItemId4`, `RequiredItemId5`, `RequiredItemId6`, `RequiredItemCount1`, `RequiredItemCount2`, `RequiredItemCount3`, `RequiredItemCount4`, `RequiredItemCount5`, `RequiredItemCount6`, `Unknown0`, `ObjectiveText1`, `ObjectiveText2`, `ObjectiveText3`, `ObjectiveText4`, `DetailsEmote1`, `DetailsEmote2`, `DetailsEmote3`, `DetailsEmote4`, `DetailsEmoteDelay1`, `DetailsEmoteDelay2`, `DetailsEmoteDelay3`, `DetailsEmoteDelay4`, `EmoteOnIncomplete`, `EmoteOnComplete`, `OfferRewardEmote1`, `OfferRewardEmote2`, `OfferRewardEmote3`, `OfferRewardEmote4`, `OfferRewardEmoteDelay1`, `OfferRewardEmoteDelay2`, `OfferRewardEmoteDelay3`, `OfferRewardEmoteDelay4`, `VerifiedBuild`) VALUES
(50000, 2, 1, 0, 0, 1637, 0, 0, 0, 0, 0, 0, 0, 0, 0, 0, 0, 0, 0, 0, 0, 0, 50001, 0, 50001, 0, 50, 100, 0, 0, 0, 1, 0, 0, 0, 0, 0, 0, 0, 0, 0, 0, 0, 0, 0, 0, 0, 0, 0, 0, 0, 0, 0, 0, 0, 0, 0, 0, 0, 0, 0, 0, 0, 0, 0, 0, 0, 0, 0, 0, 0, 0, 0, 0, 0, 0, 0, 0, 0, 0, 0, 0, 'Welcome!', 'Speak with Thuul in the Valley of Spirits.', 'Hi, $n!$b$bIt\'s good news that you are here, between us. Th Horde needs strong people to fight for it, and it seems that you are one of those. But you have a lot to learn to be able to turn the balance to our side.$b$bGo meet Thuul, in the Valley of Spirits. He\'ll guide you at the beginning in Orgrimmar and in the world that\'s waiting for you out there.$b$bGood luck!', NULL, 'So, you are here for a little guided tour, aren\'t you?', NULL, 'Speak with Thuul in the Valley of Spirits.', 0, 0, 0, 0, 0, 0, 0, 0, 0, 0, 0, 0, 0, 0, 0, 0, 0, 0, 0, 0, 0, 0, 0, 0, 0, 0, 0, 0, 0, 'Speak with Thuul', NULL, NULL, NULL, 0, 0, 0, 0, 0, 0, 0, 0, 0, 0, 0, 0, 0, 0, 0, 0, 0, 0, 12340);
REPLACE INTO `creature_queststarter` (`id`, `quest`) VALUES (5958, 50001);
REPLACE INTO `creature_queststarter` (`id`, `quest`) VALUES (4949, 50000);
REPLACE INTO `creature_questender` (`id`, `quest`) VALUES (10176, 50001);
REPLACE INTO `creature_questender` (`id`, `quest`) VALUES (5958, 50000);
-- Locales
REPLACE INTO `locales_quest` (`Id`, `Title_loc1`, `Title_loc2`, `Title_loc3`, `Title_loc4`, `Title_loc5`, `Title_loc6`, `Title_loc7`, `Title_loc8`, `Details_loc1`, `Details_loc2`, `Details_loc3`, `Details_loc4`, `Details_loc5`, `Details_loc6`, `Details_loc7`, `Details_loc8`, `Objectives_loc1`, `Objectives_loc2`, `Objectives_loc3`, `Objectives_loc4`, `Objectives_loc5`, `Objectives_loc6`, `Objectives_loc7`, `Objectives_loc8`, `OfferRewardText_loc1`, `OfferRewardText_loc2`, `OfferRewardText_loc3`, `OfferRewardText_loc4`, `OfferRewardText_loc5`, `OfferRewardText_loc6`, `OfferRewardText_loc7`, `OfferRewardText_loc8`, `RequestItemsText_loc1`, `RequestItemsText_loc2`, `RequestItemsText_loc3`, `RequestItemsText_loc4`, `RequestItemsText_loc5`, `RequestItemsText_loc6`, `RequestItemsText_loc7`, `RequestItemsText_loc8`, `EndText_loc1`, `EndText_loc2`, `EndText_loc3`, `EndText_loc4`, `EndText_loc5`, `EndText_loc6`, `EndText_loc7`, `EndText_loc8`, `CompletedText_loc1`, `CompletedText_loc2`, `CompletedText_loc3`, `CompletedText_loc4`, `CompletedText_loc5`, `CompletedText_loc6`, `CompletedText_loc7`, `CompletedText_loc8`, `ObjectiveText1_loc1`, `ObjectiveText1_loc2`, `ObjectiveText1_loc3`, `ObjectiveText1_loc4`, `ObjectiveText1_loc5`, `ObjectiveText1_loc6`, `ObjectiveText1_loc7`, `ObjectiveText1_loc8`, `ObjectiveText2_loc1`, `ObjectiveText2_loc2`, `ObjectiveText2_loc3`, `ObjectiveText2_loc4`, `ObjectiveText2_loc5`, `ObjectiveText2_loc6`, `ObjectiveText2_loc7`, `ObjectiveText2_loc8`, `ObjectiveText3_loc1`, `ObjectiveText3_loc2`, `ObjectiveText3_loc3`, `ObjectiveText3_loc4`, `ObjectiveText3_loc5`, `ObjectiveText3_loc6`, `ObjectiveText3_loc7`, `ObjectiveText3_loc8`, `ObjectiveText4_loc1`, `ObjectiveText4_loc2`, `ObjectiveText4_loc3`, `ObjectiveText4_loc4`, `ObjectiveText4_loc5`, `ObjectiveText4_loc6`, `ObjectiveText4_loc7`, `ObjectiveText4_loc8`, `VerifiedBuild`) VALUES (50000, '', '', '', '', '', '¡Te doy la bienvenida!', '¡Te doy la bienvenida!', '', '', '', '', '', '', 'Hola, $N!$B$BEs una gran noticia que estés aquí, entre nosotros. La Horda necesita gente fuerte que luche por ella, y parece que tu podrías dar la talla. Pero aún tienes mucho que parender para poder inclinar la balanza a nuestro favor.$B$BVe a ver a Thuul, en el Valle de los Espíritus. Te mostrará las peculiaridades del mundo que te espera ahí fuera.$B$B¡Buena suerte!', 'Hola, $N!$B$BEs una gran noticia que estés aquí, entre nosotros. La Horda necesita gente fuerte que luche por ella, y parece que tu podrías dar la talla. Pero aún tienes mucho que parender para poder inclinar la balanza a nuestro favor.$B$BVe a ver a Thuul, en el Valle de los Espíritus. Te mostrará las peculiaridades del mundo que te espera ahí fuera.$B$B¡Buena suerte!', '', '', '', '', '', '', 'Ve a ver a Thuul en el Valle de los Espíritus.', 'Ve a ver a Thuul en el Valle de los Espíritus.', '', '', '', '', '', '', 'Así que has venido para recibir una pequeña guía turística, eh colega?', 'Así que has venido para recibir una pequeña guía turística, eh colega?', '', '', '', '', '', '', '', '', '', '', '', '', '', '', '', '', '', '', '', '', '', '', 'Ve a ver a Thuul en el Valle de los Espíritus.', 'Ve a ver a Thuul en el Valle de los Espíritus.', '', '', '', '', '', '', '', '', '', '', '', '', '', '', '', '', '', '', '', '', '', '', '', '', '', '', '', '', '', '', '', '', '', 12340);
REPLACE INTO `locales_quest` (`Id`, `Title_loc1`, `Title_loc2`, `Title_loc3`, `Title_loc4`, `Title_loc5`, `Title_loc6`, `Title_loc7`, `Title_loc8`, `Details_loc1`, `Details_loc2`, `Details_loc3`, `Details_loc4`, `Details_loc5`, `Details_loc6`, `Details_loc7`, `Details_loc8`, `Objectives_loc1`, `Objectives_loc2`, `Objectives_loc3`, `Objectives_loc4`, `Objectives_loc5`, `Objectives_loc6`, `Objectives_loc7`, `Objectives_loc8`, `OfferRewardText_loc1`, `OfferRewardText_loc2`, `OfferRewardText_loc3`, `OfferRewardText_loc4`, `OfferRewardText_loc5`, `OfferRewardText_loc6`, `OfferRewardText_loc7`, `OfferRewardText_loc8`, `RequestItemsText_loc1`, `RequestItemsText_loc2`, `RequestItemsText_loc3`, `RequestItemsText_loc4`, `RequestItemsText_loc5`, `RequestItemsText_loc6`, `RequestItemsText_loc7`, `RequestItemsText_loc8`, `EndText_loc1`, `EndText_loc2`, `EndText_loc3`, `EndText_loc4`, `EndText_loc5`, `EndText_loc6`, `EndText_loc7`, `EndText_loc8`, `CompletedText_loc1`, `CompletedText_loc2`, `CompletedText_loc3`, `CompletedText_loc4`, `CompletedText_loc5`, `CompletedText_loc6`, `CompletedText_loc7`, `CompletedText_loc8`, `ObjectiveText1_loc1`, `ObjectiveText1_loc2`, `ObjectiveText1_loc3`, `ObjectiveText1_loc4`, `ObjectiveText1_loc5`, `ObjectiveText1_loc6`, `ObjectiveText1_loc7`, `ObjectiveText1_loc8`, `ObjectiveText2_loc1`, `ObjectiveText2_loc2`, `ObjectiveText2_loc3`, `ObjectiveText2_loc4`, `ObjectiveText2_loc5`, `ObjectiveText2_loc6`, `ObjectiveText2_loc7`, `ObjectiveText2_loc8`, `ObjectiveText3_loc1`, `ObjectiveText3_loc2`, `ObjectiveText3_loc3`, `ObjectiveText3_loc4`, `ObjectiveText3_loc5`, `ObjectiveText3_loc6`, `ObjectiveText3_loc7`, `ObjectiveText3_loc8`, `ObjectiveText4_loc1`, `ObjectiveText4_loc2`, `ObjectiveText4_loc3`, `ObjectiveText4_loc4`, `ObjectiveText4_loc5`, `ObjectiveText4_loc6`, `ObjectiveText4_loc7`, `ObjectiveText4_loc8`, `VerifiedBuild`) VALUES (50001, '', '', '', '', '', 'La Guía del Nuevo Ciudadano', 'La Guía del Nuevo Ciudadano', '', '', '', '', '', '', 'Bueno, parece que tenemos un nuevo $C entre nuestra gente. $GBienvenido:Bienvenida a Orgrimmar pues.$B$BTe explicaré algunos de los aspectos más importantes de este mundo.$B$BSigue a mi imagen a través de la ciudad y escucha sus consejos. Te serán útiles, créeme.', 'Bueno, parece que tenemos un nuevo $C entre nuestra gente. $GBienvenido:Bienvenida a Orgrimmar pues.$B$BTe explicaré algunos de los aspectos más importantes de este mundo.$B$BSigue a mi imagen a través de la ciudad y escucha sus consejos. Te serán útiles, créeme.', '', '', '', '', '', '', 'Sigue a la Imagen de Thuul por Orgrimmar escuchando sus consejos y luego ve a ver a Kaltunk en el Valle de los Espíritus.', 'Sigue a la Imagen de Thuul por Orgrimmar escuchando sus consejos y luego ve a ver a Kaltunk en el Valle de los Espíritus.', '', '', '', '', '', '', '¿Has sido enviado por Thuul? Ya veo... ¡$GBienvenido:Bienvenida al Valle de los Retos!', '¿Has sido enviado por Thuul? Ya veo... ¡$GBienvenido:Bienvenida al Valle de los Retos!', '', '', '', '', '', '', '', '', '', '', '', '', '', '', '', '', '', '', '', '', '', '', 'Sigue a la Imagen de Thuul por Orgrimmar escuchando sus consejos y luego ve a ver a Kaltunk en el Valle de los Espíritus.', 'Sigue a la Imagen de Thuul por Orgrimmar escuchando sus consejos y luego ve a ver a Kaltunk en el Valle de los Espíritus.', '', '', '', '', '', '', '', '', '', '', '', '', '', '', '', '', '', '', '', '', '', '', '', '', '', '', '', '', '', '', '', '', '', 12340);
-- Text for Thuul Image
DELETE FROM creature_text WHERE entry IN (50001);
INSERT INTO creature_text (`entry`, `groupid`, `id`, `text`, `type`, `language`, `probability`, `emote`, `duration`, `sound`, `comment`, `BroadcastTextId`) VALUES
(50001, 0, 0, 'Vale, puede que mi imagen parezca un poco más... joven, pero las apariencias engañan, ¿vale colega?', 14, 0, 100, 1, 0, 0, 'Imagen de Thuul - Más joven', 0),
(50001, 1, 0, 'Esta es la Sala de las Leyendas. Aquí podrás adquirir equipo con Puntos de Honor, que se consiguen derrotando a jugadores enemigos, tanto en campos de batalla como en territorios en disputa', 14, 0, 100, 1, 0, 0, 'Imagen de Thuul - PvP - General', 0),
(50001, 2, 0, 'En nuestro mundo los territorios tienen diferentes niveles de seguridad. Ahora estás en una zona de ALTA seguridad, los jugadores de tu facción no pueden atacarte, y la muerte a manos de un jugador de la facción enemiga no tiene consecuencias importantes', 14, 0, 100, 1, 0, 0, 'Imagen de Thuul - PvP - Niveles de seguridad - High Sec', 0),
(50001, 3, 0, 'En una zona de BAJA seguridad, como Los Baldíos o Vallefresno, CUALQUIER jugador de CUALQUIER facción puede atacarte, y al morir, dejarás caer todo lo que lleves en tus bolsas, y todo el oro que lleves encima. Si una zona de baja seguridad está conquistada por tu facción, sin embargo, puedes desactivar el modo JcJ haciendo click derecho en el icono de tu personaje', 14, 0, 100, 1, 0, 0, 'Imagen de Thuul - PvP - Niveles de seguridad - Low Sec', 0),
(50001, 4, 0, 'Lo más peligroso son las zonas de seguridad NULA. A parte de que todos te pueden atacar, morir allí te hará perder TODO el equipo que lleves encima, tanto equipado como en las bolsas, y los jugadores podrán robarlo', 14, 0, 100, 1, 0, 0, 'Imagen de Thuul - PvP - Niveles de seguridad - Null Sec', 0),
(50001, 5, 0, 'A parte, todas las zonas de seguridad nula pueden ser CONQUISTADAS por Hermandades de jugadores. En las zonas de seguridad nula también se encuentran las criaturas más peligrosas y las recompensas más generosas, por supuesto', 14, 0, 100, 1, 0, 0, 'Imagen de Thuul - PvP - Zonas conquistables', 0),
(50001, 6, 0, 'Ahora, sígueme hasta el banco. Es importante que sepas cómo funciona si no quieres perder todo tu oro al ser asesinado a traición en una zona de baja seguridad, colega! ¡Jajaja!', 14, 0, 100, 11, 0, 0, 'Imagen de Thuul - Seguir 1', 0),
(50001, 7, 0, 'En el banco puedes guardar tanto objetos como tu oro. El oro que almacenes en el banco siempre estará a salvo. A no ser que quiebre el sistema financiero, claro. ¡Pero eso aquí es imposible! O eso espero...', 14, 0, 100, 1, 0, 0, 'Imagen de Thuul - Banquero', 0),
(50001, 8, 0, '¡Sígueme hasta la Calle Mayor!', 14, 0, 100, 1, 0, 0, 'Imagen de Thuul - Seguir 2', 0),
(50001, 9, 0, 'Las profesiones en nuestro mundo son mucho más importantes de lo que parece a simple vista', 14, 0, 100, 1, 0, 0, 'Imagen de Thuul - Profesiones 1', 0),
(50001, 10, 0, 'Necesitarás tener experiencia en alguna de ellas si quieres recuperarte tras perder tu equipo en una rellerta, por ejemplo', 14, 0, 100, 1, 0, 0, 'Imagen de Thuul - Profesiones 2', 0),
(50001, 11, 0, 'Además, usando extraños y escasos materiales que sólo se encuentran en zonas de seguridad baja o nula, ¡podrás crear poderosos objetos con los que nunca habrías podido ni soñar!', 14, 0, 100, 1, 0, 0, 'Imagen de Thuul - Profesiones 3', 0),
(50001, 12, 0, 'Otra cosa a tener muy en cuenta es que en nuestro mundo, casi ningún objeto se liga al alma. Todo se puede comprar o vender. Y el dinero es poder. Por eso las Hermandades más poderosas luchan por el control de las zonas más ricas', 14, 0, 100, 1, 0, 0, 'Imagen de Thuul - Nada se liga', 0),
(50001, 13, 0, 'Hay muchas más cosas que tendrás que aprender por ti mismo. Ahora te teletransportaré a un lugar llamado el Valle de los Retos, donde podrás empezar tu aventura de forma segura', 14, 0, 100, 1, 0, 0, 'Imagen de Thuul - Terminando', 0),
(50001, 14, 0, '¡Buena suerte!', 14, 0, 100, 1, 0, 0, 'Imagen de Thuul - Fin', 0),
(50001, 15, 0, '¡Te has alejado demasiado de mi imagen! ¡No me pierdas de vista la próxima vez!', 14, 0, 100, 1, 0, 0, 'Imagen de Thuul - Demasiado lejos', 0);
-- Zone security messages
REPLACE INTO `trinity_string` (`entry`, `content_default`, `content_loc6`, `content_loc7`) VALUES
(12000, "You have entered a safe zone.", "Has entrado en una zona segura.", "Has entrado en una zona segura."),
(12001, "ATTENTION: You have entered an Alliance territory, the security for you here is NULL.", "ADVERTENCIA: Has entrado en un territorio de la Alianza, donde la seguridad para ti es NULA.", "ADVERTENCIA: Has entrado en un territorio de la Alianza, donde la seguridad para ti es NULA."),
(12002, "ATTENTION: You have entered a Horde territory, the security for you here is NULL.", "ADVERTENCIA: Has entrado en un territorio de la Horda, donde la seguridad para ti es NULA.", "ADVERTENCIA: Has entrado en un territorio de la Horda, donde la seguridad para ti es NULA."),
(12003, "ATTENTION: You have entered a LOW security zone.", "ADVERTENCIA: Has entrado en una zona de BAJA seguridad.", "ADVERTENCIA: Has entrado en una zona de BAJA seguridad."),
(12004, "ATTENTION: You have entered a NULL security zone.", "ADVERTENCIA: Has entrado en una zona de seguridad NULA.", "ADVERTENCIA: Has entrado en una zona de seguridad NULA."),
(12005, "The guild %s has lost control of %s!", "La Hermandad %s ha perdido el control de %s!", "La Hermandad %s ha perdido el control de %s!"),
(12006, "The guild %s has taken control of %s!", "La Hermandad %s ha conquistado %s!", "La Hermandad %s ha conquistado %s!"),
(12007, "ATTENTION: You have entered in %s, a neutral territory.", "ADVERTENCIA: Has entrado en %s, un territorio que aún no ha sido conquistado.", "ADVERTENCIA: Has entrado en %s, un territorio que aún no ha sido conquistado."),
(12008, "ATTENTION: You have entered in %s, a territory owned by the guild %s.", "ADVERTENCIA: Has entrado en %s, un territorio que pertenece a la Hermandad %s.", "ADVERTENCIA: Has entrado en %s, un territorio que pertenece a la Hermandad %s."),
(12009, "You have entered in %s, a territory owned by your guild.", "Has entrado en %s, un territorio que pertenece a tu Hermandad.", "Has entrado %s, un territorio que pertenece a tu Hermandad."),
(12010, "You have left %s.", "Has salido de %s.", "Has salido de %s."),
(12011, "ATTENTION: Intruders have been detected in %s!", "¡ATENCIÓN: Se han detectado intrusos en %s!", "¡ATENCIÓN: Se han detectado intrusos en %s!"),
(12012, "You have entered in a very dangerous territory! Your character has been moved to a safe place.", "¡Has entrado en un territorio demasiado peligroso! Tu personaje ha sido devuelto a un lugar seguro.", "¡Has entrado en un territorio demasiado peligroso! Tu personaje ha sido devuelto a un lugar seguro."),
(12013, "%s is being claimed!", "¡El territorio %s está siendo atacado!", "¡El territorio %s está siendo atacado!"),
(12014, "You have to have a Standard of Conquest in your inventory to be able to claim a zone.", "Necesitas tener un Estandarte de Conquista en el inventario para poder reclamar una zona.", "Necesitas tener un Estandarte de Conquista en el inventario para poder reclamar una zona."),
(12015, "Only a Guild can claim a territory.", "Sólo las Hermandades pueden reclamar territorios.", "Sólo las Hermandades pueden reclamar territorios."),
(12016, "You must be in a NULL security conquerable zone to be able to do that.", "Tienes que estar en una zona conquistable de seguridad NULA para poder hacer eso.", "Tienes que estar en una zona conquistable de seguridad NULA para poder hacer eso."),
(12017, "You need to be in %s to be able to claim this zone!", "¡Tienes que estar en %s para poder reclamar este territorio!", "¡Tienes que estar en %s para poder reclamar este territorio!"),
(12018, "The territory is conquered by another Guild! Destroy their Standard of Conquest in %s to be able to put yours!", "¡El territorio a reclamar no puede estar conquistada por otra Hermandad! ¡Destruye su Estandarte de Conquista situado en %s para poder arrebatar el territorio!", "¡El territorio a reclamar no puede estar conquistada por otra Hermandad! ¡Destruye su Estandarte de Conquista situado en %s para poder arrebatar el territorio!"),
(12019, "This zone is already being cnoquered by another Guild! Destroy their Standard of Conquest to be able to put yours!", "¡Esta zona ya está siendo atacada por otra Hermandad! ¡Destruye su Estandarte de Conquista para poder poner el tuyo!", "¡Esta zona ya está siendo atacada por otra Hermandad! ¡Destruye su Estandarte de Conquista para poder poner el vuestro!"),
(12020, "You have started the conquest of %s, defend the Standard of Conquest during 30 minutes!", "¡Ha comenzado la conquista de %s, defiende el Estandarte de Conquista durante 30 minutos!", "¡Ha comenzado la conquista de %s, defiende el Estandarte de Conquista durante 30 minutos!");
REPLACE INTO `command` (`name`, `permission`, `help`) VALUES 
("reclamar", 736, "Utiliza un Estandarte de Conquista para intentar reclamar un territorio para tu hermandad.");
-- NPC Malin
UPDATE `creature_template` SET `ScriptName` = 'npc_tour_guide' WHERE entry IN (2708);
-- Welcome! mission - Alliance
REPLACE INTO `quest_template` (`Id`, `Method`, `Level`, `MinLevel`, `MaxLevel`, `ZoneOrSort`, `Type`, `SuggestedPlayers`, `LimitTime`, `RequiredClasses`, `RequiredRaces`, `RequiredSkillId`, `RequiredSkillPoints`, `RequiredFactionId1`, `RequiredFactionId2`, `RequiredFactionValue1`, `RequiredFactionValue2`, `RequiredMinRepFaction`, `RequiredMaxRepFaction`, `RequiredMinRepValue`, `RequiredMaxRepValue`, `PrevQuestId`, `NextQuestId`, `ExclusiveGroup`, `NextQuestIdChain`, `RewardXPId`, `RewardOrRequiredMoney`, `RewardMoneyMaxLevel`, `RewardSpell`, `RewardSpellCast`, `RewardHonor`, `RewardHonorMultiplier`, `RewardMailTemplateId`, `RewardMailDelay`, `SourceItemId`, `SourceItemCount`, `SourceSpellId`, `Flags`, `SpecialFlags`, `RewardTitleId`, `RequiredPlayerKills`, `RewardTalents`, `RewardArenaPoints`, `RewardItemId1`, `RewardItemId2`, `RewardItemId3`, `RewardItemId4`, `RewardItemCount1`, `RewardItemCount2`, `RewardItemCount3`, `RewardItemCount4`, `RewardChoiceItemId1`, `RewardChoiceItemId2`, `RewardChoiceItemId3`, `RewardChoiceItemId4`, `RewardChoiceItemId5`, `RewardChoiceItemId6`, `RewardChoiceItemCount1`, `RewardChoiceItemCount2`, `RewardChoiceItemCount3`, `RewardChoiceItemCount4`, `RewardChoiceItemCount5`, `RewardChoiceItemCount6`, `RewardFactionId1`, `RewardFactionId2`, `RewardFactionId3`, `RewardFactionId4`, `RewardFactionId5`, `RewardFactionValueId1`, `RewardFactionValueId2`, `RewardFactionValueId3`, `RewardFactionValueId4`, `RewardFactionValueId5`, `RewardFactionValueIdOverride1`, `RewardFactionValueIdOverride2`, `RewardFactionValueIdOverride3`, `RewardFactionValueIdOverride4`, `RewardFactionValueIdOverride5`, `PointMapId`, `PointX`, `PointY`, `PointOption`, `Title`, `Objectives`, `Details`, `EndText`, `OfferRewardText`, `RequestItemsText`, `CompletedText`, `RequiredNpcOrGo1`, `RequiredNpcOrGo2`, `RequiredNpcOrGo3`, `RequiredNpcOrGo4`, `RequiredNpcOrGoCount1`, `RequiredNpcOrGoCount2`, `RequiredNpcOrGoCount3`, `RequiredNpcOrGoCount4`, `RequiredSourceItemId1`, `RequiredSourceItemId2`, `RequiredSourceItemId3`, `RequiredSourceItemId4`, `RequiredSourceItemCount1`, `RequiredSourceItemCount2`, `RequiredSourceItemCount3`, `RequiredSourceItemCount4`, `RequiredItemId1`, `RequiredItemId2`, `RequiredItemId3`, `RequiredItemId4`, `RequiredItemId5`, `RequiredItemId6`, `RequiredItemCount1`, `RequiredItemCount2`, `RequiredItemCount3`, `RequiredItemCount4`, `RequiredItemCount5`, `RequiredItemCount6`, `Unknown0`, `ObjectiveText1`, `ObjectiveText2`, `ObjectiveText3`, `ObjectiveText4`, `DetailsEmote1`, `DetailsEmote2`, `DetailsEmote3`, `DetailsEmote4`, `DetailsEmoteDelay1`, `DetailsEmoteDelay2`, `DetailsEmoteDelay3`, `DetailsEmoteDelay4`, `EmoteOnIncomplete`, `EmoteOnComplete`, `OfferRewardEmote1`, `OfferRewardEmote2`, `OfferRewardEmote3`, `OfferRewardEmote4`, `OfferRewardEmoteDelay1`, `OfferRewardEmoteDelay2`, `OfferRewardEmoteDelay3`, `OfferRewardEmoteDelay4`, `VerifiedBuild`) VALUES
(50002, 2, 1, 0, 0, 1519, 0, 0, 0, 0, 0, 0, 0, 0, 0, 0, 0, 0, 0, 0, 0, 0, 50003, 0, 50003, 0, 50, 100, 0, 0, 0, 1, 0, 0, 0, 0, 0, 0, 0, 0, 0, 0, 0, 0, 0, 0, 0, 0, 0, 0, 0, 0, 0, 0, 0, 0, 0, 0, 0, 0, 0, 0, 0, 0, 0, 0, 0, 0, 0, 0, 0, 0, 0, 0, 0, 0, 0, 0, 0, 0, 0, 0, 'Welcome!', 'Speak with Malin in the Mage Quarter.', 'Hi, $n!$b$bIt\'s good news that you are here, between us. The Alliance needs strong people to fight for it, and it seems that you are one of those. But you have a lot to learn to be able to turn the balance to our side.$b$bGo meet Malin, in the Mage Quarter. He\'ll guide you at the beginning in Stormwind and in the world that\'s waiting for you out there.$b$bGood luck!', NULL, 'So, you are here for a little guided tour, aren\'t you?', NULL, 'Speak with Malin in the Mage Quarter.', 0, 0, 0, 0, 0, 0, 0, 0, 0, 0, 0, 0, 0, 0, 0, 0, 0, 0, 0, 0, 0, 0, 0, 0, 0, 0, 0, 0, 0, 'Speak with Malin', NULL, NULL, NULL, 0, 0, 0, 0, 0, 0, 0, 0, 0, 0, 0, 0, 0, 0, 0, 0, 0, 0, 12340);
-- The guide of the newcommer - Alliance
REPLACE INTO `quest_template` (`Id`, `Method`, `Level`, `MinLevel`, `MaxLevel`, `ZoneOrSort`, `Type`, `SuggestedPlayers`, `LimitTime`, `RequiredClasses`, `RequiredRaces`, `RequiredSkillId`, `RequiredSkillPoints`, `RequiredFactionId1`, `RequiredFactionId2`, `RequiredFactionValue1`, `RequiredFactionValue2`, `RequiredMinRepFaction`, `RequiredMaxRepFaction`, `RequiredMinRepValue`, `RequiredMaxRepValue`, `PrevQuestId`, `NextQuestId`, `ExclusiveGroup`, `NextQuestIdChain`, `RewardXPId`, `RewardOrRequiredMoney`, `RewardMoneyMaxLevel`, `RewardSpell`, `RewardSpellCast`, `RewardHonor`, `RewardHonorMultiplier`, `RewardMailTemplateId`, `RewardMailDelay`, `SourceItemId`, `SourceItemCount`, `SourceSpellId`, `Flags`, `SpecialFlags`, `RewardTitleId`, `RequiredPlayerKills`, `RewardTalents`, `RewardArenaPoints`, `RewardItemId1`, `RewardItemId2`, `RewardItemId3`, `RewardItemId4`, `RewardItemCount1`, `RewardItemCount2`, `RewardItemCount3`, `RewardItemCount4`, `RewardChoiceItemId1`, `RewardChoiceItemId2`, `RewardChoiceItemId3`, `RewardChoiceItemId4`, `RewardChoiceItemId5`, `RewardChoiceItemId6`, `RewardChoiceItemCount1`, `RewardChoiceItemCount2`, `RewardChoiceItemCount3`, `RewardChoiceItemCount4`, `RewardChoiceItemCount5`, `RewardChoiceItemCount6`, `RewardFactionId1`, `RewardFactionId2`, `RewardFactionId3`, `RewardFactionId4`, `RewardFactionId5`, `RewardFactionValueId1`, `RewardFactionValueId2`, `RewardFactionValueId3`, `RewardFactionValueId4`, `RewardFactionValueId5`, `RewardFactionValueIdOverride1`, `RewardFactionValueIdOverride2`, `RewardFactionValueIdOverride3`, `RewardFactionValueIdOverride4`, `RewardFactionValueIdOverride5`, `PointMapId`, `PointX`, `PointY`, `PointOption`, `Title`, `Objectives`, `Details`, `EndText`, `OfferRewardText`, `RequestItemsText`, `CompletedText`, `RequiredNpcOrGo1`, `RequiredNpcOrGo2`, `RequiredNpcOrGo3`, `RequiredNpcOrGo4`, `RequiredNpcOrGoCount1`, `RequiredNpcOrGoCount2`, `RequiredNpcOrGoCount3`, `RequiredNpcOrGoCount4`, `RequiredSourceItemId1`, `RequiredSourceItemId2`, `RequiredSourceItemId3`, `RequiredSourceItemId4`, `RequiredSourceItemCount1`, `RequiredSourceItemCount2`, `RequiredSourceItemCount3`, `RequiredSourceItemCount4`, `RequiredItemId1`, `RequiredItemId2`, `RequiredItemId3`, `RequiredItemId4`, `RequiredItemId5`, `RequiredItemId6`, `RequiredItemCount1`, `RequiredItemCount2`, `RequiredItemCount3`, `RequiredItemCount4`, `RequiredItemCount5`, `RequiredItemCount6`, `Unknown0`, `ObjectiveText1`, `ObjectiveText2`, `ObjectiveText3`, `ObjectiveText4`, `DetailsEmote1`, `DetailsEmote2`, `DetailsEmote3`, `DetailsEmote4`, `DetailsEmoteDelay1`, `DetailsEmoteDelay2`, `DetailsEmoteDelay3`, `DetailsEmoteDelay4`, `EmoteOnIncomplete`, `EmoteOnComplete`, `OfferRewardEmote1`, `OfferRewardEmote2`, `OfferRewardEmote3`, `OfferRewardEmote4`, `OfferRewardEmoteDelay1`, `OfferRewardEmoteDelay2`, `OfferRewardEmoteDelay3`, `OfferRewardEmoteDelay4`, `VerifiedBuild`) VALUES
(50003, 2, 1, 0, 0, 1519, 0, 0, 0, 0, 0, 0, 0, 0, 0, 0, 0, 0, 0, 0, 0, 50002, 0, 0, 0, 0, 50, 100, 0, 0, 0, 1, 0, 0, 0, 0, 0, 0, 0, 0, 0, 0, 0, 0, 0, 0, 0, 0, 0, 0, 0, 0, 0, 0, 0, 0, 0, 0, 0, 0, 0, 0, 0, 0, 0, 0, 0, 0, 0, 0, 0, 0, 0, 0, 0, 0, 0, 0, 0, 0, 0, 0, 'The Guide of the New Citizen', 'Follow the Image of Malin throught Stormwind listening to his advices and then speak with Sargent Willem in Northshire.', 'Well, it seems that we have a new $C between our people. Welcome to Stormwind then. I will explain you some of the most important aspects of this world. Follow my magic image throught the city and listen to his advices. They\'ll be handy, believe me.', '', 'Are you sended by Malin? I see... Welcome to Northshire, $C!', NULL, 'Follow the Image of Malin throught Stormwind and then speak with Sargent Willem in Northshire.', 0, 0, 0, 0, 0, 0, 0, 0, 0, 0, 0, 0, 0, 0, 0, 0, 0, 0, 0, 0, 0, 0, 0, 0, 0, 0, 0, 0, 0, 'Follow the Image of Thuul throught Orgrimmar and then speak with Kaltunk', NULL, NULL, NULL, 0, 0, 0, 0, 0, 0, 0, 0, 0, 0, 0, 0, 0, 0, 0, 0, 0, 0, 12340);
REPLACE INTO `creature_queststarter` (`id`, `quest`) VALUES (29611, 50002);
REPLACE INTO `creature_questender` (`id`, `quest`) VALUES (2708, 50002);
REPLACE INTO `creature_queststarter` (`id`, `quest`) VALUES (2708, 50003);
REPLACE INTO `creature_questender` (`id`, `quest`) VALUES (823, 50003);
-- Locales - Alliance
REPLACE INTO `locales_quest` (`Id`, `Title_loc1`, `Title_loc2`, `Title_loc3`, `Title_loc4`, `Title_loc5`, `Title_loc6`, `Title_loc7`, `Title_loc8`, `Details_loc1`, `Details_loc2`, `Details_loc3`, `Details_loc4`, `Details_loc5`, `Details_loc6`, `Details_loc7`, `Details_loc8`, `Objectives_loc1`, `Objectives_loc2`, `Objectives_loc3`, `Objectives_loc4`, `Objectives_loc5`, `Objectives_loc6`, `Objectives_loc7`, `Objectives_loc8`, `OfferRewardText_loc1`, `OfferRewardText_loc2`, `OfferRewardText_loc3`, `OfferRewardText_loc4`, `OfferRewardText_loc5`, `OfferRewardText_loc6`, `OfferRewardText_loc7`, `OfferRewardText_loc8`, `RequestItemsText_loc1`, `RequestItemsText_loc2`, `RequestItemsText_loc3`, `RequestItemsText_loc4`, `RequestItemsText_loc5`, `RequestItemsText_loc6`, `RequestItemsText_loc7`, `RequestItemsText_loc8`, `EndText_loc1`, `EndText_loc2`, `EndText_loc3`, `EndText_loc4`, `EndText_loc5`, `EndText_loc6`, `EndText_loc7`, `EndText_loc8`, `CompletedText_loc1`, `CompletedText_loc2`, `CompletedText_loc3`, `CompletedText_loc4`, `CompletedText_loc5`, `CompletedText_loc6`, `CompletedText_loc7`, `CompletedText_loc8`, `ObjectiveText1_loc1`, `ObjectiveText1_loc2`, `ObjectiveText1_loc3`, `ObjectiveText1_loc4`, `ObjectiveText1_loc5`, `ObjectiveText1_loc6`, `ObjectiveText1_loc7`, `ObjectiveText1_loc8`, `ObjectiveText2_loc1`, `ObjectiveText2_loc2`, `ObjectiveText2_loc3`, `ObjectiveText2_loc4`, `ObjectiveText2_loc5`, `ObjectiveText2_loc6`, `ObjectiveText2_loc7`, `ObjectiveText2_loc8`, `ObjectiveText3_loc1`, `ObjectiveText3_loc2`, `ObjectiveText3_loc3`, `ObjectiveText3_loc4`, `ObjectiveText3_loc5`, `ObjectiveText3_loc6`, `ObjectiveText3_loc7`, `ObjectiveText3_loc8`, `ObjectiveText4_loc1`, `ObjectiveText4_loc2`, `ObjectiveText4_loc3`, `ObjectiveText4_loc4`, `ObjectiveText4_loc5`, `ObjectiveText4_loc6`, `ObjectiveText4_loc7`, `ObjectiveText4_loc8`, `VerifiedBuild`) VALUES (50002, '', '', '', '', '', '¡Te doy la bienvenida!', '¡Te doy la bienvenida!', '', '', '', '', '', '', 'Hola, $N!$B$BEs una gran noticia que estés aquí, entre nosotros. La Alianza necesita gente fuerte que luche por ella, y parece que tu podrías dar la talla. Pero aún tienes mucho que parender para poder inclinar la balanza a nuestro favor.$B$BVe a ver a Malin, en el Barrio de los Magos. Te mostrará las peculiaridades del mundo que te espera ahí fuera.$B$B¡Buena suerte!', 'Hola, $N!$B$BEs una gran noticia que estés aquí, entre nosotros. La Horda necesita gente fuerte que luche por ella, y parece que tu podrías dar la talla. Pero aún tienes mucho que parender para poder inclinar la balanza a nuestro favor.$B$BVe a ver a Malin, en el Barrio de los Magos. Te mostrará las peculiaridades del mundo que te espera ahí fuera.$B$B¡Buena suerte!', '', '', '', '', '', '', 'Ve a ver a Malin en el Barrio de los Magos.', 'Ve a ver a Malin en el Barrio de los Magos.', '', '', '', '', '', '', 'Así que has venido para recibir una pequeña guía turística, eh amigo?', 'Así que has venido para recibir una pequeña guía turística, eh amigo?', '', '', '', '', '', '', '', '', '', '', '', '', '', '', '', '', '', '', '', '', '', '', 'Ve a ver a Malin en el Barrio de los Magos.', 'Ve a ver a Malin en el Barrio de los Magos.', '', '', '', '', '', '', '', '', '', '', '', '', '', '', '', '', '', '', '', '', '', '', '', '', '', '', '', '', '', '', '', '', '', 12340);
REPLACE INTO `locales_quest` (`Id`, `Title_loc1`, `Title_loc2`, `Title_loc3`, `Title_loc4`, `Title_loc5`, `Title_loc6`, `Title_loc7`, `Title_loc8`, `Details_loc1`, `Details_loc2`, `Details_loc3`, `Details_loc4`, `Details_loc5`, `Details_loc6`, `Details_loc7`, `Details_loc8`, `Objectives_loc1`, `Objectives_loc2`, `Objectives_loc3`, `Objectives_loc4`, `Objectives_loc5`, `Objectives_loc6`, `Objectives_loc7`, `Objectives_loc8`, `OfferRewardText_loc1`, `OfferRewardText_loc2`, `OfferRewardText_loc3`, `OfferRewardText_loc4`, `OfferRewardText_loc5`, `OfferRewardText_loc6`, `OfferRewardText_loc7`, `OfferRewardText_loc8`, `RequestItemsText_loc1`, `RequestItemsText_loc2`, `RequestItemsText_loc3`, `RequestItemsText_loc4`, `RequestItemsText_loc5`, `RequestItemsText_loc6`, `RequestItemsText_loc7`, `RequestItemsText_loc8`, `EndText_loc1`, `EndText_loc2`, `EndText_loc3`, `EndText_loc4`, `EndText_loc5`, `EndText_loc6`, `EndText_loc7`, `EndText_loc8`, `CompletedText_loc1`, `CompletedText_loc2`, `CompletedText_loc3`, `CompletedText_loc4`, `CompletedText_loc5`, `CompletedText_loc6`, `CompletedText_loc7`, `CompletedText_loc8`, `ObjectiveText1_loc1`, `ObjectiveText1_loc2`, `ObjectiveText1_loc3`, `ObjectiveText1_loc4`, `ObjectiveText1_loc5`, `ObjectiveText1_loc6`, `ObjectiveText1_loc7`, `ObjectiveText1_loc8`, `ObjectiveText2_loc1`, `ObjectiveText2_loc2`, `ObjectiveText2_loc3`, `ObjectiveText2_loc4`, `ObjectiveText2_loc5`, `ObjectiveText2_loc6`, `ObjectiveText2_loc7`, `ObjectiveText2_loc8`, `ObjectiveText3_loc1`, `ObjectiveText3_loc2`, `ObjectiveText3_loc3`, `ObjectiveText3_loc4`, `ObjectiveText3_loc5`, `ObjectiveText3_loc6`, `ObjectiveText3_loc7`, `ObjectiveText3_loc8`, `ObjectiveText4_loc1`, `ObjectiveText4_loc2`, `ObjectiveText4_loc3`, `ObjectiveText4_loc4`, `ObjectiveText4_loc5`, `ObjectiveText4_loc6`, `ObjectiveText4_loc7`, `ObjectiveText4_loc8`, `VerifiedBuild`) VALUES (50003, '', '', '', '', '', 'La Guía del Nuevo Ciudadano', 'La Guía del Nuevo Ciudadano', '', '', '', '', '', '', 'Bueno, parece que tenemos un nuevo $C entre nuestra gente. $GBienvenido:Bienvenida a Ventormenta pues.$B$BTe explicaré algunos de los aspectos más importantes de este mundo.$B$BSigue a mi imagen a través de la ciudad y escucha sus consejos. Te serán útiles, créeme.', 'Bueno, parece que tenemos un nuevo $C entre nuestra gente. $GBienvenido:Bienvenida a Ventormenta pues.$B$BTe explicaré algunos de los aspectos más importantes de este mundo.$B$BSigue a mi imagen a través de la ciudad y escucha sus consejos. Te serán útiles, créeme.', '', '', '', '', '', '', 'Sigue a la Imagen de Malin por Ventormenta escuchando sus consejos y luego ve a ver al Sargento Willem en Villanorte.', 'Sigue a la Imagen de Malin por Ventormenta escuchando sus consejos y luego ve a ver al Sargento Willem en Villanorte.', '', '', '', '', '', '', '¿Has sido enviado por Malin? Ya veo... ¡$GBienvenido:Bienvenida a Villanorte!', '¿Has sido enviado por Malin? Ya veo... ¡$GBienvenido:Bienvenida a Villanorte!', '', '', '', '', '', '', '', '', '', '', '', '', '', '', '', '', '', '', '', '', '', '', 'Sigue a la Imagen de Malin por Ventormenta escuchando sus consejos y luego ve a ver al Sargento Willem en Villanorte.', 'Sigue a la Imagen de Malin por Ventormenta escuchando sus consejos y luego ve a ver al Sargento Malin en Villanorte.', '', '', '', '', '', '', '', '', '', '', '', '', '', '', '', '', '', '', '', '', '', '', '', '', '', '', '', '', '', '', '', '', '', 12340);
-- NPC Malin Image
REPLACE INTO `creature_template` (`entry`, `difficulty_entry_1`, `difficulty_entry_2`, `difficulty_entry_3`, `KillCredit1`, `KillCredit2`, `modelid1`, `modelid2`, `modelid3`, `modelid4`, `name`, `subname`, `IconName`, `gossip_menu_id`, `minlevel`, `maxlevel`, `exp`, `faction`, `npcflag`, `speed_walk`, `speed_run`, `scale`, `rank`, `dmgschool`, `BaseAttackTime`, `RangeAttackTime`, `BaseVariance`, `RangeVariance`, `unit_class`, `unit_flags`, `unit_flags2`, `dynamicflags`, `family`, `trainer_type`, `trainer_spell`, `trainer_class`, `trainer_race`, `type`, `type_flags`, `lootid`, `pickpocketloot`, `skinloot`, `resistance1`, `resistance2`, `resistance3`, `resistance4`, `resistance5`, `resistance6`, `spell1`, `spell2`, `spell3`, `spell4`, `spell5`, `spell6`, `spell7`, `spell8`, `PetSpellDataId`, `VehicleId`, `mingold`, `maxgold`, `AIName`, `MovementType`, `InhabitType`, `HoverHeight`, `HealthModifier`, `ManaModifier`, `ArmorModifier`, `DamageModifier`, `ExperienceModifier`, `RacialLeader`, `questItem1`, `questItem2`, `questItem3`, `questItem4`, `questItem5`, `questItem6`, `movementId`, `RegenHealth`, `mechanic_immune_mask`, `flags_extra`, `ScriptName`, `VerifiedBuild`) VALUES
('50002','0','0','0','0','0','17008','0','0','0','Imagen de Malin','','','0','40','40','0','12','0','1','0.9','1','0','0','2000','2000','1','1','1','0','2048','0','0','0','0','0','0','1','1','150000','0','0','0','0','0','0','0','0','0','0','0','0','0','0','0','0','0','0','0','0','','0','3','1','1','1','1','1','1','0','0','0','0','0','0','0','0','1','0','0','npc_malin_image','12340');
-- Text for Malin Image
DELETE FROM creature_text WHERE entry IN (50002);
INSERT INTO creature_text (`entry`, `groupid`, `id`, `text`, `type`, `language`, `probability`, `emote`, `duration`, `sound`, `comment`, `BroadcastTextId`) VALUES
(50002, 0, 0, 'Vale, puede que mi imagen parezca un poco más... joven, pero las apariencias engañan...', 14, 0, 100, 1, 0, 0, 'Imagen de Malin - Más joven', 0),
(50002, 1, 0, 'En nuestro mundo los territorios tienen diferentes niveles de seguridad. Ahora estás en una zona de ALTA seguridad, los jugadores de tu facción no pueden atacarte, y la muerte a manos de un jugador de la facción enemiga no tiene consecuencias importantes', 14, 0, 100, 1, 0, 0, 'Imagen de Malin - PvP - Niveles de seguridad - High Sec', 0),
(50002, 2, 0, 'En una zona de BAJA seguridad, como Los Baldíos o Vallefresno, CUALQUIER jugador de CUALQUIER facción puede atacarte, y al morir, dejarás caer todo lo que lleves en tus bolsas, y todo el oro que lleves encima. Si una zona de baja seguridad está conquistada por tu facción, sin embargo, puedes desactivar el modo JcJ haciendo click derecho en el icono de tu personaje', 14, 0, 100, 1, 0, 0, 'Imagen de Malin - PvP - Niveles de seguridad - Low Sec', 0),
(50002, 3, 0, 'Lo más peligroso son las zonas de seguridad NULA. A parte de que todos te pueden atacar, morir allí te hará perder TODO el equipo que lleves encima, tanto equipado como en las bolsas, y los jugadores podrán robarlo', 14, 0, 100, 1, 0, 0, 'Imagen de Malin - PvP - Niveles de seguridad - Null Sec', 0),
(50002, 4, 0, 'A parte, todas las zonas de seguridad nula pueden ser CONQUISTADAS por Hermandades de jugadores. En las zonas de seguridad nula también se encuentran las criaturas más peligrosas y las recompensas más generosas, por supuesto', 14, 0, 100, 1, 0, 0, 'Imagen de Malin - PvP - Zonas conquistables', 0),
(50002, 5, 0, 'Ahora, sígueme hasta el banco. Es importante que sepas cómo funciona si no quieres perder todo tu oro al ser asesinado en una zona de baja seguridad, digo yo.', 14, 0, 100, 11, 0, 0, 'Imagen de Malin - Seguir 1', 0),
(50002, 6, 0, 'En el banco puedes guardar tanto objetos como tu oro. El oro que almacenes en el banco siempre estará a salvo. A no ser que quiebre el sistema financiero, claro. ¡Pero eso aquí es imposible! O eso espero...', 14, 0, 100, 1, 0, 0, 'Imagen de Malin - Banquero', 0),
(50002, 7, 0, '¡Sígueme hasta el Casco Antiguo!', 14, 0, 100, 1, 0, 0, 'Imagen de Malin - Seguir 2', 0),
(50002, 8, 0, 'Las profesiones en nuestro mundo son mucho más importantes de lo que parece a simple vista', 14, 0, 100, 1, 0, 0, 'Imagen de Malin - Profesiones 1', 0),
(50002, 9, 0, 'Necesitarás tener experiencia en alguna de ellas si quieres recuperarte tras perder tu equipo en una rellerta, por ejemplo', 14, 0, 100, 1, 0, 0, 'Imagen de Malin - Profesiones 2', 0),
(50002, 10, 0, 'Además, usando extraños y escasos materiales que sólo se encuentran en zonas de seguridad baja o nula, ¡podrás crear poderosos objetos con los que nunca habrías podido ni soñar!', 14, 0, 100, 1, 0, 0, 'Imagen de Malin - Profesiones 3', 0),
(50002, 11, 0, 'Otra cosa a tener muy en cuenta es que en nuestro mundo, casi ningún objeto se liga al alma. Todo se puede comprar o vender. Y el dinero es poder. Por eso las Hermandades más poderosas luchan por el control de las zonas más ricas', 14, 0, 100, 1, 0, 0, 'Imagen de Malin - Nada se liga', 0),
(50002, 12, 0, 'Y finalmente, esta es la Sala de los Campeones. Aquí podrás adquirir equipo con Puntos de Honor, que se consiguen derrotando a jugadores enemigos, tanto en campos de batalla como en territorios en disputa', 14, 0, 100, 1, 0, 0, 'Imagen de Malin - PvP - General', 0),
(50002, 13, 0, 'Hay muchas más cosas que tendrás que aprender por ti mismo. Ahora te teletransportaré a un lugar llamado Villanorte, donde podrás empezar tu aventura de forma segura', 14, 0, 100, 1, 0, 0, 'Imagen de Malin - Terminando', 0),
(50002, 14, 0, '¡Buena suerte!', 14, 0, 100, 1, 0, 0, 'Imagen de Malin - Fin', 0),
(50002, 15, 0, '¡Te has alejado demasiado de mi imagen! ¡No me pierdas de vista la próxima vez!', 14, 0, 100, 1, 0, 0, 'Imagen de Malin - Demasiado lejos', 0);
-- Insert new needed creatures.
INSERT INTO `creature_template` (`entry`, `difficulty_entry_1`, `difficulty_entry_2`, `difficulty_entry_3`, `KillCredit1`, `KillCredit2`, `modelid1`, `modelid2`, `modelid3`, `modelid4`, `name`, `subname`, `IconName`, `gossip_menu_id`, `minlevel`, `maxlevel`, `exp`, `faction`, `npcflag`, `speed_walk`, `speed_run`, `scale`, `rank`, `dmgschool`, `BaseAttackTime`, `RangeAttackTime`, `BaseVariance`, `RangeVariance`, `unit_class`, `unit_flags`, `unit_flags2`, `dynamicflags`, `family`, `trainer_type`, `trainer_spell`, `trainer_class`, `trainer_race`, `type`, `type_flags`, `lootid`, `pickpocketloot`, `skinloot`, `resistance1`, `resistance2`, `resistance3`, `resistance4`, `resistance5`, `resistance6`, `spell1`, `spell2`, `spell3`, `spell4`, `spell5`, `spell6`, `spell7`, `spell8`, `PetSpellDataId`, `VehicleId`, `mingold`, `maxgold`, `AIName`, `MovementType`, `InhabitType`, `HoverHeight`, `HealthModifier`, `ManaModifier`, `ArmorModifier`, `DamageModifier`, `ExperienceModifier`, `RacialLeader`, `questItem1`, `questItem2`, `questItem3`, `questItem4`, `questItem5`, `questItem6`, `movementId`, `RegenHealth`, `mechanic_immune_mask`, `flags_extra`, `ScriptName`, `VerifiedBuild`) VALUES('50002','0','0','0','0','0','17008','0','0','0','Imagen de Malin','','','0','40','40','0','12','0','1','0.9','1','0','0','2000','2000','1','1','1','0','2048','0','0','0','0','0','0','1','1','150000','0','0','0','0','0','0','0','0','0','0','0','0','0','0','0','0','0','0','0','0','','0','3','1','1','1','1','1','1','0','0','0','0','0','0','0','0','1','0','0','npc_malin_image','12340');
INSERT INTO `creature_template` (`entry`, `difficulty_entry_1`, `difficulty_entry_2`, `difficulty_entry_3`, `KillCredit1`, `KillCredit2`, `modelid1`, `modelid2`, `modelid3`, `modelid4`, `name`, `subname`, `IconName`, `gossip_menu_id`, `minlevel`, `maxlevel`, `exp`, `faction`, `npcflag`, `speed_walk`, `speed_run`, `scale`, `rank`, `dmgschool`, `BaseAttackTime`, `RangeAttackTime`, `BaseVariance`, `RangeVariance`, `unit_class`, `unit_flags`, `unit_flags2`, `dynamicflags`, `family`, `trainer_type`, `trainer_spell`, `trainer_class`, `trainer_race`, `type`, `type_flags`, `lootid`, `pickpocketloot`, `skinloot`, `resistance1`, `resistance2`, `resistance3`, `resistance4`, `resistance5`, `resistance6`, `spell1`, `spell2`, `spell3`, `spell4`, `spell5`, `spell6`, `spell7`, `spell8`, `PetSpellDataId`, `VehicleId`, `mingold`, `maxgold`, `AIName`, `MovementType`, `InhabitType`, `HoverHeight`, `HealthModifier`, `ManaModifier`, `ArmorModifier`, `DamageModifier`, `ExperienceModifier`, `RacialLeader`, `questItem1`, `questItem2`, `questItem3`, `questItem4`, `questItem5`, `questItem6`, `movementId`, `RegenHealth`, `mechanic_immune_mask`, `flags_extra`, `ScriptName`, `VerifiedBuild`) VALUES('50001','0','0','0','0','0','29234','0','0','0','Imagen de Thuul','','','0','40','40','0','29','0','1','0.9','1','0','0','2000','2000','1','1','1','0','2048','0','0','0','0','0','0','1','1','150000','0','0','0','0','0','0','0','0','0','0','0','0','0','0','0','0','0','0','0','0','','0','3','1','1','1','1','1','1','0','0','0','0','0','0','0','0','1','0','0','npc_thuul_image','12340');
INSERT INTO `creature_template` (`entry`, `difficulty_entry_1`, `difficulty_entry_2`, `difficulty_entry_3`, `KillCredit1`, `KillCredit2`, `modelid1`, `modelid2`, `modelid3`, `modelid4`, `name`, `subname`, `IconName`, `gossip_menu_id`, `minlevel`, `maxlevel`, `exp`, `faction`, `npcflag`, `speed_walk`, `speed_run`, `scale`, `rank`, `dmgschool`, `BaseAttackTime`, `RangeAttackTime`, `BaseVariance`, `RangeVariance`, `unit_class`, `unit_flags`, `unit_flags2`, `dynamicflags`, `family`, `trainer_type`, `trainer_spell`, `trainer_class`, `trainer_race`, `type`, `type_flags`, `lootid`, `pickpocketloot`, `skinloot`, `resistance1`, `resistance2`, `resistance3`, `resistance4`, `resistance5`, `resistance6`, `spell1`, `spell2`, `spell3`, `spell4`, `spell5`, `spell6`, `spell7`, `spell8`, `PetSpellDataId`, `VehicleId`, `mingold`, `maxgold`, `AIName`, `MovementType`, `InhabitType`, `HoverHeight`, `HealthModifier`, `ManaModifier`, `ArmorModifier`, `DamageModifier`, `ExperienceModifier`, `RacialLeader`, `questItem1`, `questItem2`, `questItem3`, `questItem4`, `questItem5`, `questItem6`, `movementId`, `RegenHealth`, `mechanic_immune_mask`, `flags_extra`, `ScriptName`, `VerifiedBuild`) VALUES('50000','0','0','0','0','0','14782','0','0','0','Estandarte de Conquista','','','0','30','30','0','7','0','0','0','3','0','0','2000','2000','1','1','1','0','0','0','0','0','0','0','0','0','0','0','0','0','0','0','0','0','0','0','0','0','0','0','0','0','0','0','0','0','0','0','','0','3','1','1','1','1','1','1','0','0','0','0','0','0','0','0','1','0','0','npc_standard_of_conquest','12340');
